item_id,title,body,tags,category
1,AIの歴史,AI（人工知能）の歴史は1950年代に始まり、アラン・チューリングの「機械は思考できるか？」という問いがその原点とされる。初期はルールベースのプログラムが中心だったが、1980年代以降はニューラルネットワークや機械学習が登場し、AIの可能性が広がった。近年ではディープラーニングや生成AIの進化により、画像認識や自然言語処理などの分野で飛躍的な成果が出ている。AIの歴史を知ることで、今後の技術の進化をより深く理解できる。,人工;知能;歴史;年代;アラン;チューリング;機械;思考;問い;原点,技術
2,オンライン学習の台頭,オンライン学習は、インターネットの普及とともに急速に広がり、教育の形を大きく変えてきた。MOOC（大規模公開オンライン講座）や動画教材、ライブ配信授業など、多様な形式で学びの機会が提供されている。これにより、地理的・経済的な制約を超えて、誰でも好きな時間に学べる環境が整った。特にパンデミック以降は、学校教育や企業研修でもオンライン化が進み、教育の民主化と個別最適化が現実のものとなりつつある。,オンライン;学習;インターネット;普及;急速;教育;規模;公開;講座;動画,教育
3,AIによる職業変化,AI技術の進化は、私たちの働き方に大きな影響を与えている。単純作業や定型業務はAIによって自動化され、これまで人間が担っていた仕事の一部が消える可能性がある。一方で、AIを活用する新しい職業や、AIと協働するスキルを持つ人材の需要は高まっている。クリエイティブな分野や対人支援など、人間ならではの能力が求められる仕事は今後も重要性を増す。AIによる職業変化は、リスキリングや学び直しの必要性も示している。,技術;進化;たち;影響;単純;作業;定型;業務;自動;人間,社会
4,チューリングの功績,アラン・チューリングは、現代のコンピュータ科学とAIの基礎を築いた人物として知られている。彼の提唱した「チューリングテスト」は、機械が人間と区別できないほど自然に会話できるかを評価するもので、AIの知能を測る基準となっている。また、第二次世界大戦中には暗号解読機「ボンベ」を開発し、戦局に大きな影響を与えた。彼の理論と業績は、AIの可能性と限界を考える上で、今もなお重要な指針となっている。,アラン;チューリング;現代;コンピュータ;科学;基礎;人物;提唱;チューリングテスト;機械,技術
5,ハイコンテクスト vs ローコンテクスト,ハイコンテクスト文化とは、言葉以外の背景情報や文脈に重きを置く文化で、日本やアラブ諸国などが該当する。一方、ローコンテクスト文化は、言葉そのものに意味を込める傾向が強く、アメリカやドイツなどが代表的。この違いは、AIとのコミュニケーションにも影響を与える。AIは明示的な情報を処理するのが得意なため、ローコンテクスト文化との相性が良いが、ハイコンテクスト文化では文脈の理解が課題となる。,ハイ;コンテクスト;文化;言葉;以外;背景;情報;文脈;重き;日本,文化
6,自動運転の未来,自動運転技術は、AIとセンサー技術の進化によって急速に発展している。現在はレベル2〜3の部分的自動運転が実用化されており、将来的には完全自動運転（レベル5）の実現が期待されている。自動運転車は、交通事故の減少や移動の効率化、高齢者や障がい者の移動支援など、多くの社会的メリットをもたらす。一方で、倫理的な判断や法整備、責任の所在などの課題も残されており、技術と社会の両面での進化が求められている。,自動;運転;技術;センサー;進化;急速;発展;現在;レベル;部分,工学
7,フェイクニュースの見分け方,フェイクニュースとは、事実に基づかない情報を意図的に拡散することで、世論や行動に影響を与えるもの。SNSの普及により、誰でも情報を発信できる時代になったが、その分、誤情報も広まりやすくなっている。フェイクニュースを見分けるには、情報源の信頼性を確認すること、複数のメディアで事実を照らし合わせることが重要。AIもフェイクニュースの検出に活用されているが、最終的には人間の判断力が鍵となる。,事実;情報;意図;拡散;世論;行動;影響;普及;発信;時代,教育
8,教育格差の是正,教育格差とは、家庭の経済状況や地域によって、学習機会や教育の質に差が生じることを指す。都市部と地方、裕福な家庭とそうでない家庭では、受けられる教育に大きな違いがある。AIやオンライン教材の普及は、この格差を埋める可能性を持っている。誰でも無料でアクセスできる学習ツールや、個別最適化された指導が広がれば、教育の公平性が高まる。教育格差の是正は、社会全体の持続的な成長にもつながる重要な課題だ。,教育;格差;家庭;経済;状況;地域;学習;機会;都市;地方,社会
9,SNSと意見表明,SNSは、個人が自由に意見を発信できる場として広く利用されている。政治や社会問題に対する考えを共有することで、共感や議論が生まれ、社会参加のきっかけにもなる。一方で、炎上や誹謗中傷、情報の偏りといった課題も存在する。AIは投稿内容の分析やフィルタリングに活用されているが、表現の自由とのバランスが求められる。SNSを通じた意見表明は、現代の民主主義において重要な役割を果たしている。,個人;自由;意見;発信;利用;政治;社会;問題;考え;共有,社会
10,咀嚼と脳の関係,咀嚼（そしゃく）は、脳の働きに大きな影響を与える行動のひとつ。噛むことで脳の血流が増加し、前頭葉が刺激されて集中力や記憶力が向上するという研究結果もある。特にミント系のガムは覚醒効果が高く、眠気を吹き飛ばすのに効果的。また、咀嚼にはストレス軽減やリラックス効果もあり、緊張をほぐす手段としても活用されている。学習や仕事の前にガムを噛むことで、脳のパフォーマンスを高めることができる。,咀嚼;そしゃく;働き;影響;行動;ひとつ;増加;前頭葉;刺激;集中,健康
11,味覚と脳の刺激,味覚は、脳の覚醒や感情に影響を与える感覚のひとつ。例えば、酸味や辛味などの刺激的な味は、脳を活性化させ、注意力を高める効果があるとされている。一方、甘味はリラックス効果があり、緊張を和らげる働きがある。学習や作業の場面では、目的に応じて味覚刺激を選ぶことで、集中力や気分の調整が可能になる。味覚と脳の関係を理解することで、日常のパフォーマンスを高める工夫ができるようになる。,味覚;覚醒;感情;影響;感覚;ひとつ;酸味;辛味;刺激;活性,科学
12,ガムの種類と効果,ガムにはさまざまな種類があり、味や成分によって脳への刺激や集中力への影響が異なる。ミント系のガムは覚醒効果が高く、眠気を吹き飛ばすのに適している。一方、フルーツ系はリラックス効果があり、気分転換に向いている。また、キシリトール入りのガムは虫歯予防にも効果があるとされ、健康面でもメリットがある。ガムを噛むことで口の動きが活発になり、脳の血流が促進されるため、学習や作業の効率を高めるサポートになる。,ガム;さまざま;種類;成分;刺激;集中;影響;ミント;覚醒;効果,心理
13,脳科学的学習法,脳科学の観点から見ると、学習の効率を高めるには、記憶の仕組みや集中力の維持方法を理解することが重要。例えば、短期記憶から長期記憶への定着には、繰り返しと睡眠が不可欠。また、学習中に適度な休憩を挟むことで、脳の疲労を防ぎ、情報の整理が進む。音楽や香りなどの感覚刺激も、集中力を高める要素として活用できる。科学的な知見をもとに、自分に合った学習スタイルを見つけることで、学びの質が大きく向上する。,科学;観点;学習;効率;記憶;仕組み;集中;維持;方法;理解,科学
14,記憶のメカニズム,記憶は、脳の中で情報を保存・再生する仕組みで、短期記憶と長期記憶に分かれる。短期記憶は一時的な保存に使われ、繰り返しや意味づけによって長期記憶に移行する。記憶の定着には、睡眠や復習、感情の関与が重要な役割を果たす。例えば、感動した出来事は記憶に残りやすい。学習では、関連づけやストーリー化することで記憶力が高まる。記憶の仕組みを理解すれば、効率的な学び方が見えてくる。,記憶;情報;保存;再生;仕組み;短期;長期;一時;繰り返し;意味,医学
15,集中力と運動,運動は、脳の働きを活性化させ、集中力を高める効果がある。軽いジョギングやストレッチをすることで、血流が促進され、脳に酸素が行き渡る。特に学習前や休憩中に運動を取り入れることで、脳のリフレッシュにつながり、再び集中しやすくなる。また、運動はストレスの軽減にも効果があり、心の安定にも役立つ。勉強や仕事の合間に体を動かす習慣をつけることで、パフォーマンスがぐんと上がる。,運動;働き;活性;集中;効果;ジョギング;ストレッチ;促進;酸素;学習,健康
16,生活に潜む科学,私たちの日常には、科学がたくさん潜んでいる。例えば、朝の目覚めに太陽の光を浴びることで、体内時計が整い、集中力が高まる。食事や運動、睡眠などの生活習慣も、脳の働きや学習効率に大きく影響する。また、習慣化された行動は、脳の神経回路を強化し、スムーズな思考や判断を助ける。こうした日常の行動を科学的に理解することで、より健康的で効率的な生活が送れるようになる。科学は、意外と身近なところにあるんだ。,たち;日常;科学;たくさん;目覚め;太陽;体内;時計;集中;食事,科学
17,習慣と脳の関係,習慣は、脳の働きと深く関係している。繰り返しの行動は、脳内の神経回路を強化し、意識しなくても自然にできるようになる。これにより、エネルギーの消費を抑えながら効率的に行動できるようになる。例えば、毎朝決まった時間に勉強を始めることで、脳が「学習モード」に入りやすくなる。良い習慣を身につけることで、集中力や生産性が高まり、生活の質も向上する。習慣は、脳を味方につける最強のツールだ。,習慣;働き;関係;繰り返し;行動;神経;回路;強化;意識;自然,心理
18,睡眠と学習効果,睡眠は、学習効果を高めるために欠かせない要素。記憶の定着は、睡眠中に脳が情報を整理することで行われる。特に深い眠り（ノンレム睡眠）は、記憶の強化に重要な役割を果たす。また、睡眠不足は集中力や判断力を低下させ、学習効率を大きく損なう。質の良い睡眠を確保するには、就寝前のスマホ使用を控えたり、一定の睡眠リズムを保つことが大切。よく眠ることは、よく学ぶことにつながる。,睡眠;学習;効果;要素;記憶;定着;情報;整理;眠り;強化,健康
19,ロジカルシンキングのフレーム,ロジカルシンキングとは、物事を筋道立てて考える力のこと。MECE（漏れなくダブりなく）やピラミッド構造などのフレームワークを使うことで、複雑な情報を整理し、明確な結論を導くことができる。ビジネスでは、課題の発見から解決策の提示までを論理的に進める力が求められる。また、プレゼンや会議でも、相手に納得してもらうためには、論理的な構成が不可欠。ロジカルシンキングは、思考力と伝達力を高める基本スキルだ。,物事;筋道;ピラミッド;構造;フレーム;ワーク;複雑;情報;整理;明確,ビジネス
20,課題発見の手法,課題発見とは、表面的な問題ではなく、根本的な原因を見つけ出す力のこと。現状分析やヒアリング、データ収集などを通じて、真の課題を明らかにすることが重要。例えば、売上が伸びないという問題の裏には、顧客ニーズの変化や競合の台頭など、複数の要因が潜んでいる可能性がある。課題を正しく見極めることで、的確な解決策を導き出すことができる。課題発見は、問題解決の出発点であり、思考力と観察力が試される重要なスキルだ。,課題;発見;表面;問題;根本;原因;現状;分析;ヒアリング;データ,教育
21,論理と感情のバランス,論理的な思考は、物事を整理し、筋道を立てて伝えるために不可欠だが、感情を無視すると人の心には届かない。特にプレゼンや交渉の場では、論理だけでなく、相手の気持ちに寄り添う姿勢が信頼を生む。感情は共感や動機づけに繋がり、行動を促す力を持っている。論理と感情のバランスを取ることで、説得力のあるコミュニケーションが可能になる。冷静な分析と温かい表現の両方を使いこなすことが、現代の対話力には求められている。,論理;思考;物事;整理;筋道;不可欠;感情;無視;プレゼン;交渉,心理
22,4P分析の実例,4P分析は、マーケティング戦略を立てる際に使われる基本的なフレームワークで、Product（製品）、Price（価格）、Place（流通）、Promotion（販促）の4つの視点から考える。例えば、ある飲料メーカーが新商品を出す場合、ターゲット層に合った味やデザイン（Product）、競合と差別化できる価格設定（Price）、販売チャネルの選定（Place）、SNSやイベントを活用した宣伝（Promotion）などを検討する。4P分析は、戦略の抜け漏れを防ぎ、全体像を整理するのに役立つ。,分析;マーケティング;戦略;基本;フレーム;ワーク;製品;価格;流通;販促,マーケティング
23,消費者行動の心理,人が商品を購入する背景には、さまざまな心理的要因がある。例えば、ブランドへの信頼、社会的な影響、感情的なつながりなどが購買行動に影響を与える。消費者は必ずしも合理的な判断だけで買い物をするわけではなく、広告や口コミ、店頭の雰囲気などにも左右される。マーケティングでは、こうした心理を理解することで、より効果的なプロモーションや商品設計が可能になる。消費者行動の心理を知ることは、売れる仕組みを作る第一歩だ。,商品;購入;背景;さまざま;心理;要因;ブランド;信頼;社会;影響,心理
24,ブランド戦略の基本,ブランド戦略とは、企業や商品が持つ価値やイメージを明確にし、顧客との信頼関係を築くための取り組み。ロゴやデザインだけでなく、企業の理念やストーリー、顧客体験などがブランドの構成要素となる。強いブランドは、価格競争に巻き込まれにくく、長期的なファンを獲得しやすい。ブランド戦略を成功させるには、一貫性のあるメッセージと、顧客との継続的なコミュニケーションが不可欠。ブランドは、企業の顔であり、信頼の象徴でもある。,ブランド;戦略;企業;商品;価値;イメージ;明確;顧客;信頼;関係,ビジネス
25,競争優位性の理論,競争優位性とは、企業が市場で他社よりも有利な立場を築くための特徴や強みのこと。マイケル・ポーターの理論では、差別化戦略、コストリーダーシップ戦略、集中戦略の3つが基本とされている。差別化では独自性を、コストリーダーシップでは価格競争力を、集中戦略では特定市場への特化を目指す。競争優位性を築くには、自社の強みを理解し、顧客ニーズと市場環境を的確に捉えることが重要。持続可能な優位性が企業の成長を支える。,競争;優位;企業;市場;他社;有利;立場;特徴;強み;マイケル,経営
26,企業事例で学ぶ戦略,成功企業の戦略を分析することで、実践的な学びが得られる。例えば、Appleはデザインとブランド力を武器に差別化戦略を展開し、Netflixはデータ活用と独自コンテンツで競争優位を築いた。これらの企業は、顧客ニーズを的確に捉え、技術革新と柔軟な対応で市場をリードしている。事例を通じて、理論だけでは見えない戦略の実際や、意思決定の背景を理解することができる。企業の成功には、戦略と実行力の両方が必要だ。,成功;企業;戦略;分析;実践;学び;デザイン;ブランド;武器;差別,企業
27,失敗から学ぶ戦略,企業の失敗事例には、貴重な学びが詰まっている。例えば、Kodakはデジタル化の波に乗り遅れ、WeWorkは急速な拡大と経営判断の甘さで信頼を失った。これらの事例は、環境変化への対応力や、リーダーシップの重要性を教えてくれる。戦略の失敗は、計画だけでなく、実行や組織文化にも原因があることが多い。失敗を分析することで、同じ過ちを繰り返さないためのヒントが得られる。戦略は、成功だけでなく失敗からも学べる。,企業;失敗;事例;貴重;学び;デジタル;急速;拡大;経営;判断,経営
28,噛むことと脳の関係,咀嚼（そしゃく）は、単なる食事の動作ではなく、脳の活性化にも関係している。噛むことで脳の血流が増加し、前頭葉が刺激されることで集中力や記憶力が向上するという研究結果もある。特に試験前や長時間の作業中にガムを噛むことで、注意力が持続しやすくなるとされている。また、咀嚼はストレスの軽減にも効果があるとされ、リラックス効果も期待できる。噛むという行為は、意外にも脳のパフォーマンスに大きな影響を与えている。,咀嚼;そしゃく;食事;動作;活性;関係;増加;前頭葉;刺激;集中,健康
29,ガムの種類と効果,ガムにはさまざまな種類があり、味や成分によって脳への刺激や集中力への影響が異なる。ミント系のガムは覚醒効果が高く、眠気を吹き飛ばすのに適している。一方、フルーツ系はリラックス効果があり、気分転換に向いている。また、キシリトール入りのガムは虫歯予防にも効果があるとされ、健康面でもメリットがある。ガムを噛むことで口の動きが活発になり、脳の血流が促進されるため、学習や作業の効率を高めるサポートになる。,ガム;さまざま;種類;成分;刺激;集中;影響;ミント;覚醒;効果,科学
30,集中力と味覚の関係,味覚は、脳の覚醒や集中力に影響を与える感覚のひとつ。例えば、ミントやスパイスなどの刺激的な味は、脳を活性化させ、注意力を高める効果があるとされている。逆に、甘い味はリラックス効果があり、緊張を和らげる働きがある。学習や作業の場面では、目的に応じて味覚刺激を選ぶことで、集中力や気分の調整が可能になる。味覚と脳の関係を理解することで、日常のパフォーマンスを高める工夫ができるようになる。,味覚;覚醒;集中;影響;感覚;ひとつ;ミント;スパイス;刺激;活性,心理
31,脳のウォームアップ法,脳を効率よく働かせるためには、学習や作業前にウォームアップを行うことが効果的。軽い運動や深呼吸、簡単な計算問題などを行うことで、脳の血流が促進され、集中力が高まる。特に朝の時間帯は、脳がまだ完全に覚醒していないため、こうした準備運動が学習効率を左右する。ウォームアップは、脳を「今から働くぞ」というモードに切り替えるスイッチのような役割を果たす。毎日の習慣に取り入れることで、安定したパフォーマンスが期待できる。,効率;学習;作業;ウォーム;アップ;効果;運動;深呼吸;簡単;計算,健康
32,朝のルーティンと集中力,朝の過ごし方は、その日の集中力や生産性に大きく影響する。例えば、起床後に太陽の光を浴びることで体内時計が整い、脳が覚醒しやすくなる。軽い運動や水分補給、朝食をしっかり摂ることも、脳の働きを活性化させるポイント。さらに、決まった時間に学習や作業を始めることで、脳が「集中モード」に入りやすくなる。朝のルーティンを整えることは、1日のスタートをスムーズにし、集中力を持続させるための土台づくりになる。,集中;生産;影響;起床;太陽;体内;時計;覚醒;運動;水分,生活
33,脳波と学習効率,脳波は、脳の活動状態を示す電気信号で、学習効率にも深く関係している。特にα波が優位な状態では、リラックスしながら集中できるため、記憶の定着や創造的な思考が促される。逆に、β波が強すぎると緊張やストレスが高まり、学習効率が低下することもある。瞑想や深呼吸、自然音を聞くなどの方法で、脳波を整えることが可能。脳波の状態を意識することで、より効果的な学習環境を整えることができる。,脳波;活動;状態;電気;信号;学習;効率;関係;優位;リラックス,科学
34,ポモドーロ・テクニック,ポモドーロ・テクニックは、集中力を維持しながら効率的に作業を進めるための時間管理法。25分間の集中作業と5分間の休憩を1セットとし、これを繰り返すことで脳の疲労を防ぎながら生産性を高める。4セットごとに長めの休憩を取ることで、リズムよく作業を続けることができる。この方法は、タスクの見通しを立てやすく、達成感も得られやすい。学習や仕事に取り入れることで、集中力の持続と成果の向上が期待できる。,集中;維持;効率;作業;時間;管理;分間;休憩;セット;疲労,教育
35,理想の学習環境,集中力を高めるためには、物理的な学習環境の整備が重要。例えば、適度な明るさの照明、静かな空間、整理されたデスクなどが脳の働きを助ける。音楽や香りなどの感覚刺激も、集中力に影響を与える要素となる。また、温度や湿度などの快適さも学習効率に関係する。自分に合った環境を見つけることで、学習への没入感が高まり、成果も出やすくなる。学習環境は、意識して整えることで、パフォーマンスを大きく左右する。,集中;物理;学習;環境;整備;重要;適度;照明;静か;空間,生活
36,習慣化のメカニズム,習慣化とは、繰り返しの行動が脳に定着し、意識せずに自然と行えるようになること。脳は、同じ時間・場所・順序で行動することで、ルーティンとして認識しやすくなる。例えば、毎朝決まった時間に勉強を始めることで、脳が「学習モード」に入りやすくなる。習慣化には、報酬や達成感を組み合わせることで、継続しやすくなるという特徴もある。習慣は、意志の力に頼らず、安定した成果を生むための強力な仕組みだ。,習慣;繰り返し;行動;定着;意識;自然;時間;場所;順序;認識,心理
37,異文化理解の基本,異文化理解とは、自分とは異なる文化的背景や価値観を持つ人々を尊重し、円滑なコミュニケーションを図る力のこと。言語や習慣、時間感覚、表現方法など、文化によって大きく異なる点がある。これらの違いを知り、受け入れることで、誤解や摩擦を防ぐことができる。グローバルな環境では、異文化理解が信頼関係の構築やチームワークの向上に直結する。多様性を認め合う姿勢は、国際社会で活躍するための重要なスキルとなる。,文化;理解;自分;背景;価値;人々;尊重;円滑;コミュニケーション;言語,文化
38,グローバルマナー,グローバルマナーとは、国や地域によって異なるビジネス上の礼儀や振る舞いを理解し、適切に対応すること。例えば、名刺の渡し方、会話の距離感、敬語の使い方などは文化によって大きく異なる。日本では丁寧さが重視される一方、欧米では率直さが好まれる傾向がある。こうした違いを理解し、相手に合わせた対応をすることで、信頼関係を築きやすくなる。グローバルマナーは、国際的な場での円滑なコミュニケーションの鍵となる。,グローバル;マナー;地域;ビジネス;礼儀;振る舞い;理解;適切;対応;名刺,ビジネス
39,言語と文化の関係,言語は単なるコミュニケーションの手段ではなく、文化や価値観を反映する重要な要素。例えば、日本語には敬語が発達しており、上下関係や礼儀を重視する文化が表れている。一方、英語では主語が明確で、個人の意見をはっきり述べる傾向がある。言語を学ぶことは、その背景にある文化を理解することにもつながる。言語と文化の関係を知ることで、より深い異文化理解が可能になり、国際的なコミュニケーション力が高まる。,言語;コミュニケーション;手段;文化;価値;反映;重要;要素;日本語;敬語,言語
40,インドの教育事情,インドでは、急速な経済成長とIT産業の発展に伴い、教育への関心が高まっている。特に都市部では、英語教育やプログラミング教育が盛んで、グローバル人材の育成が進んでいる。一方で、地方や農村部では教育環境の整備が遅れており、教育格差が課題となっている。政府や民間企業は、オンライン教材やモバイル学習を活用して、教育の普及を図っている。インドの教育事情は、課題と可能性が共存するダイナミックな状況にある。,インド;急速;経済;成長;産業;発展;教育;関心;都市;英語,教育
41,SigIQの戦略,SigIQは、インド発のAI教育企業で、個別最適化された学習を提供することで注目を集めている。学習者の理解度や進捗をAIが分析し、最適な教材や問題を提示する仕組みは、教育の効率化と質の向上を両立させている。特に、教育資源が限られた地域でも、スマートフォンひとつで学べる環境を整えている点が革新的。SigIQの戦略は、教育の民主化と技術革新を融合させたモデルとして、世界中の教育関係者から注目されている。,インド;教育;企業;個別;最適;学習;提供;注目;理解;進捗,技術
42,アジアの教育格差,アジア地域では、経済発展の度合いや政策の違いにより、教育格差が顕著に現れている。都市部では高度な教育が受けられる一方、農村部や貧困層では学校の設備や教師の質に課題がある。特に女子教育や障がい児教育の機会が限られている地域も多く、教育の公平性が問われている。国際機関やNGOは、教育支援プロジェクトを通じて格差の是正に取り組んでいる。教育格差の解消は、持続可能な社会の実現に不可欠なテーマだ。,アジア;地域;経済;発展;度合い;政策;違い;教育;格差;顕著,社会
43,交渉術の心理学,交渉術には、相手の心理を理解し、信頼関係を築く力が求められる。人は感情や価値観に基づいて意思決定をするため、論理だけでなく共感や安心感が交渉の成否を左右する。例えば、相手の立場やニーズを丁寧に聞き出すことで、合意点を見つけやすくなる。また、非言語的な要素（表情や声のトーン）も、交渉の雰囲気に大きく影響する。心理学の知見を活用することで、より柔軟で効果的な交渉が可能になる。,交渉;相手;心理;理解;信頼;関係;感情;価値;意思;決定,心理
44,国際交渉の事例,国際交渉では、文化や政治的背景の違いを理解し、相手国との信頼関係を築くことが重要となる。例えば、FTA（自由貿易協定）では、関税の撤廃や市場開放を巡って複雑な交渉が行われる。国際会議では、発言のタイミングや言葉の選び方にも戦略が必要で、交渉力だけでなく外交的な配慮も求められる。成功する国際交渉には、事前の情報収集と柔軟な対応力、そして相手の立場を尊重する姿勢が不可欠だ。,国際;交渉;文化;政治;背景;違い;理解;相手;信頼;関係,政治
45,文化差と説得力,説得のスタイルは文化によって大きく異なる。例えば、欧米では論理的な根拠と明確な主張が重視される一方、アジアでは関係性や空気を読む力が説得力に繋がることが多い。この違いを理解せずに一方的な主張をすると、相手に不快感を与えたり、交渉がうまく進まないこともある。文化差を乗り越えるためには、相手の価値観やコミュニケーションスタイルに合わせたアプローチが必要。説得力とは、相手に届く形で伝える力でもある。,説得;スタイル;文化;欧米;論理;根拠;明確;主張;重視;一方,文化
46,学び直しの動機,社会人が学び直しを始める動機は、キャリアアップや転職、自己成長など多岐にわたる。仕事の変化に対応するために新しいスキルを身につけたい、夢だった分野に挑戦したいなど、背景には強い目的意識がある。最近では、企業がリスキリング支援を行うケースも増えており、学び直しの環境が整いつつある。年齢や過去の経験に関係なく、学び直しは人生の可能性を広げる力を持っている。始めるのに遅すぎることはない。,社会;直し;動機;キャリア;アップ;転職;自己;成長;多岐;仕事,キャリア
47,学習の壁と対策,学び直しには多くの壁がある。時間の確保、モチベーションの維持、学習内容の理解などが代表的な課題だ。これらを乗り越えるには、学習計画を立てること、目標を細かく設定すること、仲間と学びを共有することが効果的。また、オンライン教材やアプリを活用すれば、隙間時間でも効率的に学べる。壁を感じたときこそ、学び方を見直すチャンス。自分に合った方法を見つけることで、継続的な学びが可能になる。,学び;直し;多く;時間;確保;維持;学習;内容;理解;代表,教育
48,社会人学習の支援制度,社会人の学び直しを支援する制度は年々充実してきている。例えば、企業による教育補助金制度や、自治体が提供するリスキリング講座、国の助成金制度などがある。これらを活用すれば、費用面の負担を軽減しながら学びを継続できる。また、オンライン講座や夜間・週末対応のスクールも増えており、働きながらでも学びやすい環境が整っている。制度を知り、活用することで、学び直しのハードルはぐっと下がる。,社会;学び;直し;支援;制度;年々;充実;企業;教育;補助,社会
49,モチベーション維持法,学習を継続するには、モチベーションの維持が欠かせない。目標を明確にし、達成感を得られる仕組みを作ることで、やる気が持続しやすくなる。例えば、学習記録をつけたり、進捗を可視化したりすることで、自分の成長を実感できる。また、報酬やご褒美を設定するのも効果的。モチベーションは波があるものだから、落ち込んだときは環境を変えたり、仲間と話したりしてリフレッシュすることも大切。,学習;継続;維持;目標;明確;達成;仕組み;やる気;持続;記録,心理
50,学習習慣の作り方,学習を習慣化するには、毎日決まった時間に取り組むことが効果的。脳は繰り返しの行動を記憶し、自然と「学びの時間」と認識するようになる。最初は短時間でも構わないので、無理なく続けられるペースを見つけることがポイント。また、学習環境を整えることで、集中しやすくなる。習慣が定着すれば、意志の力に頼らずに学びを継続できるようになる。習慣は、学びを長く続けるための最強の味方だ。,学習;習慣;毎日;時間;効果;繰り返し;行動;記憶;自然;学び,教育
51,時間管理術,忙しい社会人が学びを続けるには、時間管理が重要になる。まずは1日のスケジュールを見直し、学習に使える時間帯を確保することから始めよう。優先順位をつけて、重要なことから取り組むことで、効率的に時間を使えるようになる。ポモドーロ・テクニックやタイムブロッキングなどの手法を活用すれば、集中力も維持しやすい。時間は有限だからこそ、計画的に使うことで、学びの成果が大きく変わる。,社会;学び;時間;管理;重要;スケジュール;学習;確保;優先;順位,生活
52,成功事例インタビュー,学び直しによってキャリアを変えた人の事例は、多くの人に勇気を与えてくれる。例えば、営業職からITエンジニアに転職した人や、育児の合間に資格を取得して再就職した人など、背景はさまざま。共通しているのは、明確な目標と継続する力、そして失敗を恐れず挑戦する姿勢。成功事例を知ることで、自分にもできるという自信が湧いてくる。学び直しは、人生の選択肢を広げる力を持っている。,学び;直し;キャリア;事例;多く;勇気;営業;エンジニア;転職;育児,キャリア
53,スキル習得のプロセス,新しいスキルを身につけるには、段階的なプロセスを意識することが大切。まずは基礎を理解し、次に応用へと進むことで、知識が定着しやすくなる。インプットだけでなく、アウトプット（実践）を組み合わせることで、理解が深まる。例えば、学んだ内容を人に説明したり、実際に使ってみたりすることで、スキルが自分のものになる。焦らず、着実にステップを踏むことが、スキル習得の近道だ。,スキル;段階;プロセス;意識;大切;基礎;理解;応用;知識;定着,教育
54,キャリアチェンジの準備,キャリアチェンジを成功させるには、事前の準備が欠かせない。まずは自分の強みや興味を整理し、どんな分野に挑戦したいかを明確にする。次に、必要なスキルや資格を調べ、学習計画を立てる。ポートフォリオや履歴書の見直しも重要で、実績をわかりやすく伝える工夫が必要。転職活動では、情報収集とネットワークづくりも欠かせない。準備をしっかり整えることで、自信を持って新しい一歩を踏み出せる。,成功;事前;準備;自分;強み;興味;整理;分野;挑戦;明確,キャリア
55,クラウドの基本構造,クラウドとは、インターネットを通じてデータやサービスを利用できる仕組みのこと。IaaS（インフラ）、PaaS（プラットフォーム）、SaaS（ソフトウェア）の3つに分類され、それぞれ異なる用途に使われる。クラウドを使えば、物理的なサーバーを持たなくても、柔軟にシステムを構築・運用できる。企業はコスト削減やスピード向上を目的に導入を進めており、個人でもストレージやアプリ利用などで日常的に活用している。,クラ;ウド;インターネット;データ;サービス;利用;仕組み;インフラ;プラットフォーム;ソフトウェア,技術
56,自動車業界のDX,自動車業界では、デジタルトランスフォーメーション（DX）が急速に進んでいる。クラウドやAI、IoTを活用することで、車両の遠隔診断やソフトウェアのアップデート、走行データの分析などが可能になり、製品の品質や安全性が向上している。さらに、製造工程の自動化やサプライチェーンの最適化にもDXが貢献している。自動車は単なる移動手段から、デジタルサービスを提供するプラットフォームへと進化している。,自動車;業界;急速;クラ;ウド;活用;車両;遠隔;診断;ソフトウェア,産業
57,セキュリティの課題,クラウドの導入が進む一方で、情報セキュリティの課題も重要視されている。データの漏洩や不正アクセス、サービス停止などのリスクに備えるためには、暗号化や認証管理、バックアップ体制の強化が不可欠。特に個人情報や機密データを扱う場合は、法的な規制やガイドラインにも注意が必要。クラウドサービスを安全に利用するには、技術的な対策だけでなく、利用者のリテラシー向上も求められている。,クラ;ウド;導入;一方;情報;セキュリティ;課題;重要;データ;漏洩,技術
58,SDVの仕組み,SDV（Software Defined Vehicle）は、車両の機能をソフトウェアで制御する新しい概念。従来のハードウェア中心の設計から脱却し、ソフトウェアによって走行性能や安全機能、エンタメシステムなどを柔軟にアップデートできる。これにより、車の性能が購入後も進化し続けることが可能となる。SDVは、自動運転やコネクテッドカーの実現にも不可欠な技術であり、今後のモビリティの在り方を根本から変える可能性を秘めている。,車両;機能;ソフトウェア;制御;概念;従来;ハードウェア;中心;設計;脱却,工学
59,EVとの違い,EV（電気自動車）とSDV（ソフトウェア定義車両）は、どちらも次世代の車として注目されているが、目的と仕組みが異なる。EVは動力源が電気であることに焦点を当てており、環境負荷の低減が主なメリット。一方、SDVは車両の機能をソフトウェアで制御することで、アップデートやカスタマイズが可能になる。両者は技術的に融合することもあり、未来の車は電動化とソフトウェア化の両方が進むと予想されている。,電気;自動車;ソフトウェア;定義;車両;どちら;次世代;注目;目的;仕組み,技術
60,未来の車社会,未来の車社会では、SDVやEVの普及により、移動のあり方が大きく変わると予想されている。車は単なる移動手段ではなく、情報端末や生活空間としての役割も担うようになる。例えば、車内でのエンタメ体験や、目的地に応じたサービス提供などが可能になる。また、自動運転の進化により、交通事故の減少や高齢者の移動支援も期待されている。技術の進化は、車社会をより安全で快適なものへと導いていく。,未来;社会;普及;移動;あり方;予想;手段;情報;端末;生活,社会
61,AIによる品質管理,製造業では、AIを活用した品質管理が進んでいる。画像認識技術を使って製品の傷や欠陥を自動で検出したり、センサーから得られるデータを分析して異常を予測したりすることで、人的ミスを減らし、安定した品質を保つことができる。AIは膨大なデータを瞬時に処理できるため、リアルタイムでの判断や対応が可能になる。品質管理の精度が向上することで、顧客満足度やブランド信頼にもつながっている。,製造;活用;品質;管理;画像;認識;技術;製品;欠陥;自動,産業
62,生産性向上の工夫,AIやIoTの導入により、製造現場の生産性向上が加速している。例えば、設備の稼働状況をリアルタイムで監視し、故障の予兆を検知することで、ダウンタイムを最小限に抑えることができる。また、作業手順の最適化や人員配置の効率化にもAIが活用されている。これらの工夫により、コスト削減と品質向上の両立が可能になる。生産性向上は、競争力を高めるための重要な取り組みとなっている。,導入;製造;現場;生産;向上;加速;設備;稼働;状況;リアルタイム,技術
63,人とAIの協働,AIの進化により、人とAIが協働する製造現場が増えている。AIはデータ分析や予測、単純作業の自動化を担い、人間は創造的な判断や柔軟な対応を担当することで、互いの強みを活かした働き方が実現する。例えば、AIが作業手順を提案し、人間がそれを調整・改善することで、より効率的な工程が生まれる。人とAIが補い合うことで、働きやすさと生産性の両方を高めることができる。,進化;製造;現場;データ;分析;予測;単純;作業;自動;人間,社会
64,ニュース教材の作り方,ニュースを教材として活用するには、内容の選定と構成がポイントになる。まずは、子どもや学習者の興味を引くテーマを選び、難しい言葉や背景情報をわかりやすく整理する。要約や図解を加えることで、理解が深まりやすくなる。さらに、問いかけやディスカッションの導入を加えることで、思考力や表現力の育成にもつながる。ニュース教材は、社会とのつながりを感じながら学べる、実践的な学習ツールとして注目されている。,ニュース;教材;活用;内容;選定;構成;ポイント;子ども;学習;興味,教育
65,探究型学習との相性,探究型学習は、自ら問いを立て、情報を集め、考察し、発表するというプロセスを重視する学び方。ニュースはその素材として非常に相性が良く、現実の課題や社会の動きを題材にすることで、学習者の関心を引き出しやすい。例えば、環境問題やテクノロジーの進化など、身近でありながら深掘りできるテーマが豊富にある。ニュースを使った探究型学習は、主体的な学びと社会的な視点を育てる効果がある。,探究;学習;自ら;問い;情報;考察;発表;プロセス;重視;学び,教育
66,時事問題の扱い方,時事問題を教育に取り入れる際には、内容の選び方と伝え方に配慮が必要。政治や災害、社会問題などはセンシティブな側面もあるため、事実を正確に伝えつつ、学習者の感情にも寄り添う姿勢が求められる。教師や保護者が一方的に意見を押しつけるのではなく、複数の視点を提示し、対話を通じて考えを深めることが大切。時事問題は、思考力や判断力、価値観の形成に役立つ貴重な学習素材となる。,時事;問題;教育;内容;選び方;配慮;必要;政治;災害;社会,教育
67,ディスカッションの効果,ディスカッションは、他者の意見を聞き、自分の考えを整理して伝える力を育てる学習方法。ニュースを題材にすることで、現実の課題に対する多様な視点に触れることができる。意見の違いを認め合いながら話し合うことで、協調性や論理的思考も養われる。また、発言することで自信がつき、表現力も向上する。ディスカッションは、知識の定着だけでなく、コミュニケーション力の向上にもつながる。,ディスカッション;他者;意見;自分;考え;整理;学習;方法;ニュース;題材,教育
68,意見交換のルール,意見交換を円滑に行うには、ルールづくりが重要。例えば、相手の話を最後まで聞く、否定ではなく質問で返す、時間を守るなどの基本的なマナーを共有することで、安心して話せる場が生まれる。特に教育現場では、発言の機会を均等にする工夫や、ファシリテーターの役割が効果的。ルールがあることで、自由な意見交換が可能になり、学びの質も高まる。対話の土台は、信頼と尊重から始まる。,意見;交換;円滑;ルール;づくり;重要;相手;最後;否定;質問,心理
69,ニュースと価値観,ニュースは、社会の出来事だけでなく、人々の価値観や考え方にも触れる機会を提供してくれる。異なる立場や文化、背景を知ることで、自分の価値観を見直すきっかけになる。例えば、環境問題やジェンダー、経済格差などのテーマは、個人の意識や行動にも影響を与える。ニュースを通じて価値観の多様性を理解することは、共感力や寛容さを育てる第一歩。学びは、知識だけでなく心も育てる。,ニュース;社会;出来事;人々;価値;考え方;機会;提供;立場;文化,社会
70,子ども向けニュースサイト,子ども向けニュースサイトは、難しい社会の話題をわかりやすく伝える工夫がされている。イラストや図解、やさしい言葉を使って、子どもが自分で読んで理解できるように設計されている。例えば、天気や動物、科学の話題など、興味を引きやすいテーマが多く、学びの入り口として最適。保護者や先生が一緒に読むことで、会話のきっかけにもなる。ニュースは、子どもが世界とつながる第一歩になる。,子ども;向け;ニュース;サイト;社会;話題;工夫;イラスト;図解;言葉,教育
71,メディアリテラシー入門,メディアリテラシーとは、情報を正しく読み解き、判断する力のこと。インターネットやSNSが普及した現代では、情報の真偽を見極める力がますます重要になっている。例えば、フェイクニュースや偏った意見に惑わされないためには、複数の情報源を確認したり、発信者の意図を考えたりする習慣が必要。メディアリテラシーを育てることで、情報に流されず、自分の考えを持つ力が身につく。,情報;判断;インターネット;普及;現代;真偽;重要;意見;複数;確認,教育
72,ニュースと感情,ニュースには、悲しい出来事や不安を感じる内容も含まれているため、子どもがどう受け止めるかに配慮が必要。感情が揺さぶられることで、関心が高まる一方で、怖さや混乱を感じることもある。そのため、大人が一緒に読み、感情を言葉にする手助けをすることが大切。「どう思った？」「どんな気持ちになった？」と問いかけることで、感情の整理と理解が進む。ニュースは、心の学びにもつながる。,ニュース;出来事;不安;内容;子ども;配慮;必要;感情;関心;一方,心理
73,高収入スキル一覧,高収入につながるスキルには、プログラミング、データ分析、動画編集、Webデザイン、コピーライティングなどがある。これらは需要が高く、フリーランスでも企業でも活躍できる分野。特にIT系は、リモートワークや副業にも対応しやすく、柔軟な働き方が可能。スキルを身につけることで、学歴や職歴に関係なく、自分の力で収入を得る道が開ける。まずは興味のある分野から、少しずつ挑戦してみよう。,収入;スキル;プログラミング;データ;分析;動画;編集;デザイン;これら;需要,キャリア
74,スキルと年収の関係,スキルの有無は、年収に大きく影響する。例えば、プログラミングやAI関連のスキルを持つ人材は、企業から高く評価され、年収も上がりやすい。一方で、スキルがないと単純作業にとどまり、収入も伸びにくい傾向がある。スキルは「できることの幅」を広げるだけでなく、「選べる仕事の質」も変える。自分の価値を高めるためには、継続的な学びとスキルのアップデートが欠かせない。,スキル;有無;年収;影響;プログラミング;関連;人材;企業;評価;単純,経済
75,独学のすすめ,独学は、自分のペースで学べる自由なスタイル。最近では、YouTubeやオンライン講座、学習アプリなど、無料で質の高い教材が豊富にある。独学のコツは、目標を明確にし、学習計画を立てること。そして、アウトプットを意識して、学んだことを実際に使ってみること。SNSで進捗を共有したり、仲間と学び合うことで、モチベーションも維持しやすくなる。独学は、誰でも始められる最強の学び方だ。,独学;自分;ペース;自由;スタイル;最近;オンライン;講座;学習;無料,教育
76,スキルベース採用とは,スキルベース採用とは、学歴や職歴ではなく、実際に使えるスキルを重視する採用方法。ポートフォリオや成果物を通じて、候補者の能力を評価するため、即戦力としての活躍が期待される。この採用スタイルは、IT業界やスタートアップ企業を中心に広がっており、実力主義の風潮が強まっている。スキルベース採用は、学び直しやキャリアチェンジにも有利で、自分の強みを活かした働き方が可能になる。,スキル;ベース;採用;学歴;職歴;重視;方法;ポートフォリオ;成果;候補,仕事
77,ポートフォリオの作り方,ポートフォリオは、自分のスキルや実績を見える形で伝えるための重要なツール。Webデザインなら作品集、ライティングなら記事のリンク、プログラミングならGitHubなど、分野に応じた形式でまとめる。ポイントは、目的に合わせて内容を整理し、見やすくすること。自己紹介や学習履歴も加えると、より信頼感が増す。ポートフォリオは、採用担当者に「この人は何ができるか」を伝える最強の武器になる。,ポートフォリオ;自分;スキル;実績;重要;ツール;デザイン;作品;記事;リンク,キャリア
78,LinkedIn活用術,LinkedInは、ビジネス向けSNSとして、スキルや経歴をアピールする場として活用されている。プロフィールを充実させることで、企業や採用担当者の目に留まりやすくなる。特に、プロジェクト経験や資格、推薦コメントなどを掲載することで、信頼性が高まる。また、業界の最新情報を得たり、同じ分野の人とつながることもできる。LinkedInは、キャリア形成と情報収集の両方に役立つ便利なツールだ。,ビジネス;向け;スキル;経歴;アピール;活用;プロフィール;充実;企業;採用,ビジネス
79,90日学習計画,90日間でスキルを習得するには、明確な目標と計画が必要。まずはゴールを設定し、週ごとのテーマと毎日のタスクに分けてスケジュールを立てる。短期集中型の学習では、毎日少しずつでも継続することが重要。進捗を記録し、振り返りを行うことで、学びの質も高まる。SNSで学習記録を公開したり、仲間と共有することで、モチベーションも維持しやすくなる。90日で人生が変わるかも！？,日間;スキル;習得;明確;目標;計画;必要;ゴール;設定;ごと,教育
80,反復練習の効果,反復練習は、スキルを定着させるために欠かせない学習法。脳は繰り返しの刺激によって記憶を強化し、無意識でも使えるレベルにまで引き上げる。例えば、英単語やコードの書き方などは、何度も使うことで自然と身につく。反復には、間隔を空けて復習する「間隔反復」も効果的。忘れかけた頃に復習することで、記憶が長期化しやすくなる。地味だけど、確実に力がつくのが反復練習の魅力。,反復;練習;スキル;定着;学習;繰り返し;刺激;記憶;強化;無意識,心理
81,学習ツール紹介,学習を効率化するツールはたくさんある。例えば、NotionやEvernoteで学習記録を整理したり、Ankiで暗記カードを作ったり、UdemyやProgateでスキルを体系的に学ぶこともできる。音声入力やタイマー機能を使えば、集中力もアップ。自分に合ったツールを選ぶことで、学びの質と継続力がぐんと高まる。ツールはあくまで補助だけど、うまく使えば学習の相棒になってくれる。,学習;効率;ツール;たくさん;記録;整理;暗記;カード;スキル;体系,技術
82,AI家庭教師の仕組み,AI家庭教師は、生徒の学習履歴や理解度をもとに、最適な教材や問題を提示する仕組み。AIは、間違えた問題の傾向や、得意・不得意を分析し、個別にカスタマイズされた学習プランを提供する。これにより、効率的かつ効果的な学びが可能になる。さらに、リアルタイムでのフィードバックや、学習進捗の可視化もできるため、保護者や教師のサポートにも役立つ。AI家庭教師は、未来の学びのスタンダードになるかも。,家庭;教師;生徒;学習;履歴;理解;もと;最適;教材;問題,技術
83,EdTechの進化,EdTech（教育×テクノロジー）は、教育のあり方を根本から変える可能性を秘めている。オンライン授業、AI教材、VR体験など、学びの手段が多様化し、場所や時間に縛られない学習が可能になった。特に、個別最適化やアダプティブラーニングの技術は、生徒一人ひとりに合わせた学びを実現する。EdTechの進化は、教育の質を高めるだけでなく、教育格差の解消にも貢献している。,教育;テクノロジー;あり方;根本;可能;オンライン;授業;教材;体験;学び,教育
84,個別学習の未来,個別学習とは、生徒の理解度や興味に合わせて、学習内容や進め方を調整するスタイル。AIやデータ分析の技術を活用することで、より精度の高い個別指導が可能になっている。例えば、苦手分野を重点的に復習したり、得意分野を伸ばす教材を選んだりすることで、学習効率が大幅に向上する。今後は、感情や集中度まで分析する技術も登場し、より人に寄り添った学びが実現する。個別学習は、未来の教育の中心になるかもしれない。,個別;学習;生徒;理解;興味;内容;進め方;調整;スタイル;データ,教育
85,教育の民主化とは,教育の民主化とは、すべての人が平等に学ぶ機会を持てる社会を目指す考え方。経済的な格差や地域の違いによって教育の質に差が出る現状を改善するため、無料教材やオンライン学習、AI家庭教師などが注目されている。誰もが自分のペースで学べる環境を整えることで、学びの自由が広がる。教育の民主化は、個人の可能性を引き出すだけでなく、社会全体の活力を高める鍵にもなる。,教育;民主;すべて;平等;機会;社会;考え方;経済;格差;地域,社会
86,教育格差の課題,教育格差は、家庭の収入や地域のインフラ、教育制度の違いなどによって生じる深刻な問題。都市部では最新の教材や設備が整っている一方、地方や発展途上国では基本的な学習環境すら不足していることもある。この格差は、将来の進路や収入にも影響を与えるため、早期の対策が必要。テクノロジーの力を使って、誰もが質の高い教育を受けられるようにすることが、持続可能な社会づくりにつながる。,教育;格差;家庭;収入;地域;インフラ;制度;違い;深刻;問題,社会
87,無料学習ツール紹介,無料で使える学習ツールは、教育の民主化を支える大きな力となっている。例えば、Khan AcademyやCoursera、YouTubeの教育チャンネルなどは、世界中の人々に質の高い学びを提供している。日本でも、スタディサプリやProgateなど、初心者向けの教材が充実している。これらのツールは、時間や場所に縛られず、自分のペースで学べるのが魅力。学びたい気持ちさえあれば、誰でも始められる時代が来ている。,無料;学習;ツール;教育;民主;チャンネル;世界中;人々;学び;提供,教育
88,AIによる学習分析,AIによる学習分析は、教育の質を高めるための革新的な手法。生徒の回答履歴や学習時間、理解度などをもとに、苦手分野や得意分野を可視化し、最適な教材や指導方法を提案する。これにより、教師は一人ひとりに合わせた指導が可能になり、生徒も効率よく学ぶことができる。さらに、学習の進捗やモチベーションの変化も追跡できるため、継続的なサポートがしやすくなる。AIは、教育現場の頼れるパートナーになりつつある。,学習;分析;教育;革新;手法;生徒;回答;履歴;時間;理解,技術
89,ゾーン理論とは,ゾーン理論とは、学習者が最も効果的に学べる「最適な挑戦領域」を示す考え方。簡単すぎず、難しすぎない課題に取り組むことで、集中力が高まり、成長が促される。心理学では「フロー状態」とも呼ばれ、時間を忘れるほど没頭できる状態が理想とされる。教育では、このゾーンを見極めて教材や課題を調整することが重要。AIの分析技術を使えば、個々のゾーンに合わせた学びが可能になり、学習効果が最大化される。,ゾーン;理論;学習;効果;最適;挑戦;領域;考え方;簡単;課題,教育
90,構成主義の学び,構成主義とは、学習者が自らの経験や知識をもとに、新しい理解を構築していくという教育理論。単に情報を受け取るのではなく、問いを立て、試行錯誤しながら学ぶことで、深い理解が生まれる。探究型学習やプロジェクト型学習は、この構成主義に基づいた実践例。AIやテクノロジーを活用することで、学習者の思考プロセスを支援し、より主体的な学びが可能になる。構成主義は、未来の教育の土台となる考え方だ。,構成;主義;学習;自ら;経験;知識;もと;理解;構築;教育,教育
